"OBJECTID","ID_0","ISO","NAME_0","ID_1","NAME_1","ID_2","NAME_2","HASC_2","CCN_2","CCA_2","TYPE_2","ENGTYPE_2","NL_NAME_2","VARNAME_2"
1,1,"AFG","Afghanistan",1,"Badakhshan",1,"Baharak","AF.BD.BA",NA,"","Wuleswali","District","",""
2,1,"AFG","Afghanistan",1,"Badakhshan",2,"Darwaz","AF.BD.DA",NA,"","Wuleswali","District","",""
3,1,"AFG","Afghanistan",1,"Badakhshan",3,"Fayz abad","AF.BD.FA",NA,"","Wuleswali","District","",""
4,1,"AFG","Afghanistan",1,"Badakhshan",4,"Ishkashim","AF.BD.IK",NA,"","Wuleswali","District","",""
5,1,"AFG","Afghanistan",1,"Badakhshan",5,"Jurm","AF.BD.JU",NA,"","Wuleswali","District","",""
6,1,"AFG","Afghanistan",1,"Badakhshan",6,"Khwahan","AF.BD.KH",NA,"","Wuleswali","District","",""
7,1,"AFG","Afghanistan",1,"Badakhshan",7,"Kishim","AF.BD.KI",NA,"","Wuleswali","District","",""
8,1,"AFG","Afghanistan",1,"Badakhshan",8,"Kuran Wa Munjan","AF.BD.KM",NA,"","Wuleswali","District","",""
9,1,"AFG","Afghanistan",1,"Badakhshan",9,"Ragh","AF.BD.RA",NA,"","Wuleswali","District","",""
10,1,"AFG","Afghanistan",1,"Badakhshan",10,"Shahri Buzurg","AF.BD.SB",NA,"","Wuleswali","District","",""
11,1,"AFG","Afghanistan",1,"Badakhshan",11,"Shighnan","AF.BD.SG",NA,"","Wuleswali","District","",""
12,1,"AFG","Afghanistan",1,"Badakhshan",12,"Wakhan","AF.BD.WA",NA,"","Wuleswali","District","",""
13,1,"AFG","Afghanistan",1,"Badakhshan",13,"Zebak","AF.BD.ZE",NA,"","Wuleswali","District","",""
14,1,"AFG","Afghanistan",2,"Badghis",14,"Ab Kamari","AF.BG.AK",NA,"","Wuleswali","District","",""
15,1,"AFG","Afghanistan",2,"Badghis",15,"Ghormach","AF.BG.GH",NA,"","Wuleswali","District","",""
16,1,"AFG","Afghanistan",2,"Badghis",16,"Jawand","AF.BG.JA",NA,"","Wuleswali","District","",""
17,1,"AFG","Afghanistan",2,"Badghis",17,"Muqur","AF.BG.MQ",NA,"","Wuleswali","District","",""
18,1,"AFG","Afghanistan",2,"Badghis",18,"Murghab","AF.BG.MR",NA,"","Wuleswali","District","",""
19,1,"AFG","Afghanistan",2,"Badghis",19,"Qadis","AF.BG.QD",NA,"","Wuleswali","District","",""
20,1,"AFG","Afghanistan",2,"Badghis",20,"Qala-I-Naw","AF.BG.QN",NA,"","Wuleswali","District","",""
21,1,"AFG","Afghanistan",3,"Baghlan",21,"Andarab","AF.BL.AN",NA,"","Wuleswali","District","",""
22,1,"AFG","Afghanistan",3,"Baghlan",22,"Baghlan City","AF.BL.BA",NA,"","Wuleswali","District","",""
23,1,"AFG","Afghanistan",3,"Baghlan",23,"Baghlani Jadid","AF.BL.BJ",NA,"","Wuleswali","District","",""
24,1,"AFG","Afghanistan",3,"Baghlan",24,"Burka","AF.BL.BU",NA,"","Wuleswali","District","",""
25,1,"AFG","Afghanistan",3,"Baghlan",25,"Dahana-I-Ghori","AF.BL.DG",NA,"","Wuleswali","District","",""
26,1,"AFG","Afghanistan",3,"Baghlan",26,"Doshi","AF.BL.DO",NA,"","Wuleswali","District","",""
27,1,"AFG","Afghanistan",3,"Baghlan",27,"Kahmard","AF.BL.KA",NA,"","Wuleswali","District","",""
28,1,"AFG","Afghanistan",3,"Baghlan",28,"Khinjan","AF.BL.KH",NA,"","Wuleswali","District","",""
29,1,"AFG","Afghanistan",3,"Baghlan",29,"Khost Wa Firing","AF.BL.KF",NA,"","Wuleswali","District","",""
30,1,"AFG","Afghanistan",3,"Baghlan",30,"Nahrin","AF.BL.NA",NA,"","Wuleswali","District","",""
31,1,"AFG","Afghanistan",3,"Baghlan",31,"Puli Khumri","AF.BL.PK",NA,"","Wuleswali","District","",""
32,1,"AFG","Afghanistan",3,"Baghlan",32,"Tala Wa Barfak","AF.BL.TB",NA,"","Wuleswali","District","",""
33,1,"AFG","Afghanistan",4,"Balkh",33,"Balkh","AF.BK.BA",NA,"","Wuleswali","District","",""
34,1,"AFG","Afghanistan",4,"Balkh",34,"Char Bolak","AF.BK.CB",NA,"","Wuleswali","District","",""
35,1,"AFG","Afghanistan",4,"Balkh",35,"Charkint","AF.BK.CK",NA,"","Wuleswali","District","",""
36,1,"AFG","Afghanistan",4,"Balkh",36,"Chimtal","AF.BK.CM",NA,"","Wuleswali","District","",""
37,1,"AFG","Afghanistan",4,"Balkh",37,"Dawlat abad","AF.BK.DA",NA,"","Wuleswali","District","",""
38,1,"AFG","Afghanistan",4,"Balkh",38,"Dihdadi","AF.BK.DI",NA,"","Wuleswali","District","",""
39,1,"AFG","Afghanistan",4,"Balkh",39,"Kaldar","AF.BK.KA",NA,"","Wuleswali","District","",""
40,1,"AFG","Afghanistan",4,"Balkh",40,"Khulm","AF.BK.KH",NA,"","Wuleswali","District","",""
41,1,"AFG","Afghanistan",4,"Balkh",41,"Kishindih","AF.BK.KI",NA,"","Wuleswali","District","",""
42,1,"AFG","Afghanistan",4,"Balkh",42,"Marmul","AF.BK.MM",NA,"","Wuleswali","District","",""
43,1,"AFG","Afghanistan",4,"Balkh",43,"Mazar-i-Sharif","AF.BK.MS",NA,"","Wuleswali","District","",""
44,1,"AFG","Afghanistan",4,"Balkh",44,"Nahri Shahi","AF.BK.NS",NA,"","Wuleswali","District","",""
45,1,"AFG","Afghanistan",4,"Balkh",45,"Sholgara","AF.BK.SL",NA,"","Wuleswali","District","",""
46,1,"AFG","Afghanistan",4,"Balkh",46,"Shortepa","AF.BK.SR",NA,"","Wuleswali","District","",""
47,1,"AFG","Afghanistan",5,"Bamyan",47,"Bamyan City","AF.BM.BA",NA,"","Wuleswali","District","",""
48,1,"AFG","Afghanistan",5,"Bamyan",48,"Panjab","AF.BM.PA",NA,"","Wuleswali","District","",""
49,1,"AFG","Afghanistan",5,"Bamyan",49,"Shibar","AF.BM.SH",NA,"","Wuleswali","District","",""
50,1,"AFG","Afghanistan",5,"Bamyan",50,"Waras","AF.BM.WA",NA,"","Wuleswali","District","",""
51,1,"AFG","Afghanistan",5,"Bamyan",51,"Yakawlang","AF.BM.YA",NA,"","Wuleswali","District","",""
52,1,"AFG","Afghanistan",6,"Daykundi",52,"Day Kundi","",NA,"","Wuleswali","District","",""
53,1,"AFG","Afghanistan",6,"Daykundi",53,"Gizab","AF.DK.GI",NA,"","Wuleswali","District","",""
54,1,"AFG","Afghanistan",6,"Daykundi",54,"Kijran","",NA,"","Wuleswali","District","",""
55,1,"AFG","Afghanistan",6,"Daykundi",55,"Shahristan","AF.DK.SR",NA,"","Wuleswali","District","",""
56,1,"AFG","Afghanistan",7,"Farah",56,"Anar Dara","AF.FH.AD",NA,"","Wuleswali","District","",""
57,1,"AFG","Afghanistan",7,"Farah",57,"Bakwa","AF.FH.BA",NA,"","Wuleswali","District","",""
58,1,"AFG","Afghanistan",7,"Farah",58,"Bala Buluk","AF.FH.BB",NA,"","Wuleswali","District","",""
59,1,"AFG","Afghanistan",7,"Farah",59,"Farah City","AF.FH.FH",NA,"","Wuleswali","District","",""
60,1,"AFG","Afghanistan",7,"Farah",60,"Gulistan","AF.FH.GU",NA,"","Wuleswali","District","",""
61,1,"AFG","Afghanistan",7,"Farah",61,"Khaki Safed","AF.FH.KS",NA,"","Wuleswali","District","",""
62,1,"AFG","Afghanistan",7,"Farah",62,"Lash Wa Juwayn","AF.FH.LJ",NA,"","Wuleswali","District","",""
63,1,"AFG","Afghanistan",7,"Farah",63,"Purchaman","AF.FH.PC",NA,"","Wuleswali","District","",""
64,1,"AFG","Afghanistan",7,"Farah",64,"Pusht Rod","AF.FH.PR",NA,"","Wuleswali","District","",""
65,1,"AFG","Afghanistan",7,"Farah",65,"Qala-I-Kah","AF.FH.QK",NA,"","Wuleswali","District","",""
66,1,"AFG","Afghanistan",7,"Farah",66,"Shib Koh","AF.FH.SK",NA,"","Wuleswali","District","",""
67,1,"AFG","Afghanistan",8,"Faryab",67,"Almar","AF.FB.AL",NA,"","Wuleswali","District","",""
68,1,"AFG","Afghanistan",8,"Faryab",68,"Andkhoy","AF.FB.AN",NA,"","Wuleswali","District","",""
69,1,"AFG","Afghanistan",8,"Faryab",69,"Bilchiragh","AF.FB.BI",NA,"","Wuleswali","District","",""
70,1,"AFG","Afghanistan",8,"Faryab",70,"Dawlat abad","AF.BK.DA",NA,"","Wuleswali","District","",""
71,1,"AFG","Afghanistan",8,"Faryab",71,"Khan Char Bagh","AF.FB.KC",NA,"","Wuleswali","District","","Khani Chahar Bagh"
72,1,"AFG","Afghanistan",8,"Faryab",72,"Khwaja Sabz Posh","AF.FB.KS",NA,"","Wuleswali","District","","Khwaja Sabz"
73,1,"AFG","Afghanistan",8,"Faryab",73,"Kohistan","AF.FB.KO",NA,"","Wuleswali","District","",""
74,1,"AFG","Afghanistan",8,"Faryab",74,"Maymana","AF.FB.MA",NA,"","Wuleswali","District","",""
75,1,"AFG","Afghanistan",8,"Faryab",75,"Pashtun Kot","AF.FB.PK",NA,"","Wuleswali","District","",""
76,1,"AFG","Afghanistan",8,"Faryab",76,"Qaram Qol","AF.FB.QQ",NA,"","Wuleswali","District","",""
77,1,"AFG","Afghanistan",8,"Faryab",77,"Qaysar","AF.FB.QA",NA,"","Wuleswali","District","",""
78,1,"AFG","Afghanistan",8,"Faryab",78,"Shirin Tagab","AF.FB.ST",NA,"","Wuleswali","District","",""
79,1,"AFG","Afghanistan",9,"Ghazni",79,"Ab Band","AF.GZ.AB",NA,"","Wuleswali","District","",""
80,1,"AFG","Afghanistan",9,"Ghazni",80,"Ajristan","AF.GZ.AJ",NA,"","Wuleswali","District","",""
81,1,"AFG","Afghanistan",9,"Ghazni",81,"Andar","AF.GZ.AN",NA,"","Wuleswali","District","",""
82,1,"AFG","Afghanistan",9,"Ghazni",82,"Dihyak","AF.GZ.DI",NA,"","Wuleswali","District","",""
83,1,"AFG","Afghanistan",9,"Ghazni",83,"Gelan","AF.GZ.GE",NA,"","Wuleswali","District","",""
84,1,"AFG","Afghanistan",9,"Ghazni",84,"Ghazni","AF.GZ.GH",NA,"","Wuleswali","District","",""
85,1,"AFG","Afghanistan",9,"Ghazni",85,"Giro","AF.GZ.GI",NA,"","Wuleswali","District","",""
86,1,"AFG","Afghanistan",9,"Ghazni",86,"Jaghatu","AF.GZ.JT",NA,"","Wuleswali","District","",""
87,1,"AFG","Afghanistan",9,"Ghazni",87,"Jaghuri","AF.GZ.JR",NA,"","Wuleswali","District","",""
88,1,"AFG","Afghanistan",9,"Ghazni",88,"Malistan","AF.GZ.MA",NA,"","Wuleswali","District","",""
89,1,"AFG","Afghanistan",9,"Ghazni",89,"Muqur","AF.BG.MQ",NA,"","Wuleswali","District","",""
90,1,"AFG","Afghanistan",9,"Ghazni",90,"Nawa","AF.GZ.NA",NA,"","Wuleswali","District","",""
91,1,"AFG","Afghanistan",9,"Ghazni",91,"Nawur","AF.GZ.NR",NA,"","Wuleswali","District","",""
92,1,"AFG","Afghanistan",9,"Ghazni",92,"Qarabagh","AF.GZ.QA",NA,"","Wuleswali","District","",""
93,1,"AFG","Afghanistan",9,"Ghazni",93,"Zana Khan","AF.GZ.ZK",NA,"","Wuleswali","District","",""
94,1,"AFG","Afghanistan",10,"Ghor",94,"Chaghcharan","AF.GR.CH",NA,"","Wuleswali","District","",""
95,1,"AFG","Afghanistan",10,"Ghor",95,"Lal Wa Sarjangal","AF.GR.LS",NA,"","Wuleswali","District","",""
96,1,"AFG","Afghanistan",10,"Ghor",96,"Pasaband","AF.GR.PA",NA,"","Wuleswali","District","",""
97,1,"AFG","Afghanistan",10,"Ghor",97,"Saghar","AF.GR.SA",NA,"","Wuleswali","District","",""
98,1,"AFG","Afghanistan",10,"Ghor",98,"Shahrak","AF.GR.SH",NA,"","Wuleswali","District","",""
99,1,"AFG","Afghanistan",10,"Ghor",99,"Taywara","AF.GR.TA",NA,"","Wuleswali","District","",""
100,1,"AFG","Afghanistan",10,"Ghor",100,"Tulak","AF.GR.TU",NA,"","Wuleswali","District","",""
101,1,"AFG","Afghanistan",11,"Hilmand",101,"Bughran","AF.HM.BU",NA,"","Wuleswali","District","","Baghran"
102,1,"AFG","Afghanistan",11,"Hilmand",102,"Disho","AF.HM.DI",NA,"","Wuleswali","District","","Dishu"
103,1,"AFG","Afghanistan",11,"Hilmand",103,"Garmser","AF.HM.GA",NA,"","Wuleswali","District","",""
104,1,"AFG","Afghanistan",11,"Hilmand",104,"Kajaki","AF.HM.KA",NA,"","Wuleswali","District","",""
105,1,"AFG","Afghanistan",11,"Hilmand",105,"Lashkargah","AF.HM.LA",NA,"","Wuleswali","District","",""
106,1,"AFG","Afghanistan",11,"Hilmand",106,"Musa Qala","AF.HM.MQ",NA,"","Wuleswali","District","",""
107,1,"AFG","Afghanistan",11,"Hilmand",107,"Nad Ali","AF.HM.NA",NA,"","Wuleswali","District","",""
108,1,"AFG","Afghanistan",11,"Hilmand",108,"Nahri Sarraj","AF.HM.NS",NA,"","Wuleswali","District","",""
109,1,"AFG","Afghanistan",11,"Hilmand",109,"Naw Zad","AF.HM.NZ",NA,"","Wuleswali","District","",""
110,1,"AFG","Afghanistan",11,"Hilmand",110,"Nawa-i-Barak Zayi","AF.HM.NB",NA,"","Wuleswali","District","",""
111,1,"AFG","Afghanistan",11,"Hilmand",111,"Reg","AF.HM.RE",NA,"","Wuleswali","District","",""
112,1,"AFG","Afghanistan",11,"Hilmand",112,"Sangin","AF.HM.SA",NA,"","Wuleswali","District","",""
113,1,"AFG","Afghanistan",11,"Hilmand",113,"Washer","AF.HM.WA",NA,"","Wuleswali","District","",""
114,1,"AFG","Afghanistan",12,"Hirat",114,"Adraskan","AF.HR.AD",NA,"","Wuleswali","District","",""
115,1,"AFG","Afghanistan",12,"Hirat",115,"Chishti Sharif","AF.HR.CS",NA,"","Wuleswali","District","",""
116,1,"AFG","Afghanistan",12,"Hirat",116,"Farsi","AF.FH.FS",NA,"","Wuleswali","District","",""
117,1,"AFG","Afghanistan",12,"Hirat",117,"Ghoryan","AF.HR.GH",NA,"","Wuleswali","District","",""
118,1,"AFG","Afghanistan",12,"Hirat",118,"Gulran","AF.HR.GL",NA,"","Wuleswali","District","",""
119,1,"AFG","Afghanistan",12,"Hirat",119,"Guzara","AF.HR.GZ",NA,"","Wuleswali","District","",""
120,1,"AFG","Afghanistan",12,"Hirat",120,"Hirat City","AF.HR.HI",NA,"","Wuleswali","District","","Hirat"
121,1,"AFG","Afghanistan",12,"Hirat",121,"Injil","AF.HR.IN",NA,"","Wuleswali","District","",""
122,1,"AFG","Afghanistan",12,"Hirat",122,"Karukh","AF.HR.KA",NA,"","Wuleswali","District","",""
123,1,"AFG","Afghanistan",12,"Hirat",123,"Kuhsan","AF.HR.KN",NA,"","Wuleswali","District","","Kohsan"
124,1,"AFG","Afghanistan",12,"Hirat",124,"Kushki Kuhna","AF.BG.KK",NA,"","Wuleswali","District","",""
125,1,"AFG","Afghanistan",12,"Hirat",125,"Kushk","AF.HR.KU",NA,"","Wuleswali","District","",""
126,1,"AFG","Afghanistan",12,"Hirat",126,"Obe","AF.HR.OB",NA,"","Wuleswali","District","",""
127,1,"AFG","Afghanistan",12,"Hirat",127,"Pashtun Zarghun","AF.HR.PZ",NA,"","Wuleswali","District","",""
128,1,"AFG","Afghanistan",12,"Hirat",128,"Shindand","AF.FH.SD",NA,"","Wuleswali","District","",""
129,1,"AFG","Afghanistan",12,"Hirat",129,"Zinda Jan","AF.HR.ZJ",NA,"","Wuleswali","District","",""
130,1,"AFG","Afghanistan",13,"Jawzjan",130,"Aqcha","AF.JW.AQ",NA,"","Wuleswali","District","",""
131,1,"AFG","Afghanistan",13,"Jawzjan",131,"Darzab","AF.FB.DR",NA,"","Wuleswali","District","",""
132,1,"AFG","Afghanistan",13,"Jawzjan",132,"Fayz abad","AF.BD.FA",NA,"","Wuleswali","District","",""
133,1,"AFG","Afghanistan",13,"Jawzjan",133,"Khamyab","AF.JW.KM",NA,"","Wuleswali","District","",""
134,1,"AFG","Afghanistan",13,"Jawzjan",134,"Khwaja Du Koh","",NA,"","Wuleswali","District","",""
135,1,"AFG","Afghanistan",13,"Jawzjan",135,"Mardyan","AF.JW.MA",NA,"","Wuleswali","District","",""
136,1,"AFG","Afghanistan",13,"Jawzjan",136,"Mingajik","AF.JW.MI",NA,"","Wuleswali","District","",""
137,1,"AFG","Afghanistan",13,"Jawzjan",137,"Qarqin","AF.JW.QA",NA,"","Wuleswali","District","",""
138,1,"AFG","Afghanistan",13,"Jawzjan",138,"Shibirghan","AF.JW.SH",NA,"","Wuleswali","District","",""
139,1,"AFG","Afghanistan",14,"Kabul",139,"Bagrami","AF.KB.BA",NA,"","Wuleswali","District","",""
140,1,"AFG","Afghanistan",14,"Kabul",140,"Chahar Asyab","AF.KB.CA",NA,"","Wuleswali","District","",""
141,1,"AFG","Afghanistan",14,"Kabul",141,"Dih Sabz","AF.KB.DS",NA,"","Wuleswali","District","",""
142,1,"AFG","Afghanistan",14,"Kabul",142,"Gul dara","AF.KB.GD",NA,"","Wuleswali","District","",""
143,1,"AFG","Afghanistan",14,"Kabul",143,"Istalif","AF.KB.IS",NA,"","Wuleswali","District","",""
144,1,"AFG","Afghanistan",14,"Kabul",144,"Kabul City","AF.KB.KB",NA,"","Wuleswali","District","","Kabul"
145,1,"AFG","Afghanistan",14,"Kabul",145,"Kalakan","AF.KB.KL",NA,"","Wuleswali","District","",""
146,1,"AFG","Afghanistan",14,"Kabul",146,"Khaki Jabar","AF.KB.KJ",NA,"","Wuleswali","District","","Khaki Jabbar"
147,1,"AFG","Afghanistan",14,"Kabul",147,"Mirbacha Kot","AF.KB.MK",NA,"","Wuleswali","District","",""
148,1,"AFG","Afghanistan",14,"Kabul",148,"Musayi","AF.KB.MU",NA,"","Wuleswali","District","",""
149,1,"AFG","Afghanistan",14,"Kabul",149,"Paghman","AF.KB.PA",NA,"","Wuleswali","District","",""
150,1,"AFG","Afghanistan",14,"Kabul",150,"Qarabagh","AF.GZ.QA",NA,"","Wuleswali","District","",""
151,1,"AFG","Afghanistan",14,"Kabul",151,"Shakar Dara","AF.KB.SD",NA,"","Wuleswali","District","",""
152,1,"AFG","Afghanistan",14,"Kabul",152,"Surobi","AF.KB.SU",NA,"","Wuleswali","District","",""
153,1,"AFG","Afghanistan",15,"Kandahar",153,"Arghandab","AF.KD.AD",NA,"","Wuleswali","District","",""
154,1,"AFG","Afghanistan",15,"Kandahar",154,"Arghistan","AF.KD.AS",NA,"","Wuleswali","District","",""
155,1,"AFG","Afghanistan",15,"Kandahar",155,"Daman","AF.KD.DM",NA,"","Wuleswali","District","",""
156,1,"AFG","Afghanistan",15,"Kandahar",156,"Ghorak","AF.KD.GH",NA,"","Wuleswali","District","",""
157,1,"AFG","Afghanistan",15,"Kandahar",157,"Kandahar City","AF.KD.KA",NA,"","Wuleswali","District","","Kandahar"
158,1,"AFG","Afghanistan",15,"Kandahar",158,"Khakrez","AF.KD.KH",NA,"","Wuleswali","District","",""
159,1,"AFG","Afghanistan",15,"Kandahar",159,"Maruf","AF.KD.MR",NA,"","Wuleswali","District","",""
160,1,"AFG","Afghanistan",15,"Kandahar",160,"Maywand","AF.KD.MY",NA,"","Wuleswali","District","",""
161,1,"AFG","Afghanistan",15,"Kandahar",161,"Panjwayi","AF.KD.PA",NA,"","Wuleswali","District","",""
162,1,"AFG","Afghanistan",15,"Kandahar",162,"Reg","AF.HM.RE",NA,"","Wuleswali","District","",""
163,1,"AFG","Afghanistan",15,"Kandahar",163,"Shah Wali Kot","AF.KD.SW",NA,"","Wuleswali","District","",""
164,1,"AFG","Afghanistan",15,"Kandahar",164,"Shorabak","AF.KD.SR",NA,"","Wuleswali","District","",""
165,1,"AFG","Afghanistan",15,"Kandahar",165,"Spin Boldak","AF.KD.SB",NA,"","Wuleswali","District","",""
166,1,"AFG","Afghanistan",16,"Kapisa",166,"Alasay","AF.KP.AL",NA,"","Wuleswali","District","",""
167,1,"AFG","Afghanistan",16,"Kapisa",167,"Kohband","AF.KP.KB",NA,"","Wuleswali","District","",""
168,1,"AFG","Afghanistan",16,"Kapisa",168,"Kohistan","AF.FB.KO",NA,"","Wuleswali","District","",""
169,1,"AFG","Afghanistan",16,"Kapisa",169,"Mahmud Raqi","AF.KP.MR",NA,"","Wuleswali","District","",""
170,1,"AFG","Afghanistan",16,"Kapisa",170,"Nijrab","AF.KP.NI",NA,"","Wuleswali","District","",""
171,1,"AFG","Afghanistan",16,"Kapisa",171,"Tagab","AF.KP.TA",NA,"","Wuleswali","District","",""
172,1,"AFG","Afghanistan",17,"Khost",172,"Bak","AF.PA.BA",NA,"","Wuleswali","District","",""
173,1,"AFG","Afghanistan",17,"Khost",173,"Gurbuz","AF.PA.GU",NA,"","Wuleswali","District","",""
174,1,"AFG","Afghanistan",17,"Khost",174,"Jaji Maydan","AF.PA.JM",NA,"","Wuleswali","District","",""
175,1,"AFG","Afghanistan",17,"Khost",175,"Khost (Matun)","",NA,"","Wuleswali","District","",""
176,1,"AFG","Afghanistan",17,"Khost",176,"Mando Zayi","AF.PA.MZ",NA,"","Wuleswali","District","",""
177,1,"AFG","Afghanistan",17,"Khost",177,"Musa Khel","AF.PA.MK",NA,"","Wuleswali","District","",""
178,1,"AFG","Afghanistan",17,"Khost",178,"Nadir Shah Kot","AF.PA.NS",NA,"","Wuleswali","District","",""
179,1,"AFG","Afghanistan",17,"Khost",179,"Qalandar","AF.PA.QA",NA,"","Wuleswali","District","",""
180,1,"AFG","Afghanistan",17,"Khost",180,"Sabari","AF.PA.SB",NA,"","Wuleswali","District","",""
181,1,"AFG","Afghanistan",17,"Khost",181,"Spera","AF.PA.SP",NA,"","Wuleswali","District","",""
182,1,"AFG","Afghanistan",17,"Khost",182,"Tani","AF.PA.TA",NA,"","Wuleswali","District","",""
183,1,"AFG","Afghanistan",17,"Khost",183,"Tere Zayi","AF.PA.TZ",NA,"","Wuleswali","District","",""
184,1,"AFG","Afghanistan",18,"Kunar",184,"Asad abad","AF.KO.AA",NA,"","Wuleswali","District","",""
185,1,"AFG","Afghanistan",18,"Kunar",185,"Bar Kunar","AF.KO.BK",NA,"","Wuleswali","District","",""
186,1,"AFG","Afghanistan",18,"Kunar",186,"Chapa Dara","AF.KO.CD",NA,"","Wuleswali","District","",""
187,1,"AFG","Afghanistan",18,"Kunar",187,"Chawkay","AF.KO.CH",NA,"","Wuleswali","District","",""
188,1,"AFG","Afghanistan",18,"Kunar",188,"Dangam","AF.KO.DA",NA,"","Wuleswali","District","",""
189,1,"AFG","Afghanistan",18,"Kunar",189,"Dara-i-Pech","AF.KO.DP",NA,"","Wuleswali","District","","Pech"
190,1,"AFG","Afghanistan",18,"Kunar",190,"Khas Kunar","AF.KO.KK",NA,"","Wuleswali","District","",""
191,1,"AFG","Afghanistan",18,"Kunar",191,"Marwara","AF.KO.MA",NA,"","Wuleswali","District","","Marawara"
192,1,"AFG","Afghanistan",18,"Kunar",192,"Nali","AF.KO.NA",NA,"","Wuleswali","District","","Nari"
193,1,"AFG","Afghanistan",18,"Kunar",193,"Narang Wa Badil","AF.KO.NB",NA,"","Wuleswali","District","","Narang"
194,1,"AFG","Afghanistan",18,"Kunar",194,"Nurgal","AF.KO.NU",NA,"","Wuleswali","District","",""
195,1,"AFG","Afghanistan",18,"Kunar",195,"Sirkanay","AF.KO.SI",NA,"","Wuleswali","District","",""
196,1,"AFG","Afghanistan",19,"Kunduz",196,"Ali abad","AF.KZ.AA",NA,"","Wuleswali","District","",""
197,1,"AFG","Afghanistan",19,"Kunduz",197,"Char Dara","AF.KZ.CD",NA,"","Wuleswali","District","","Chahar Dara"
198,1,"AFG","Afghanistan",19,"Kunduz",198,"Dashti Archi","AF.KZ.DA",NA,"","Wuleswali","District","","Archi"
199,1,"AFG","Afghanistan",19,"Kunduz",199,"Hazrati Imam","AF.KZ.HI",NA,"","Wuleswali","District","","Imam Sahib"
200,1,"AFG","Afghanistan",19,"Kunduz",200,"Khan Abad","AF.KZ.KA",NA,"","Wuleswali","District","",""
201,1,"AFG","Afghanistan",19,"Kunduz",201,"Kunduz","AF.KZ.KU",NA,"","Wuleswali","District","",""
202,1,"AFG","Afghanistan",19,"Kunduz",202,"Qala-I-Zal","AF.KZ.QZ",NA,"","Wuleswali","District","",""
203,1,"AFG","Afghanistan",20,"Laghman",203,"Alingar","AF.LM.AN",NA,"","Wuleswali","District","",""
204,1,"AFG","Afghanistan",20,"Laghman",204,"Alishing","AF.LM.AS",NA,"","Wuleswali","District","",""
205,1,"AFG","Afghanistan",20,"Laghman",205,"Dawlat Shah","AF.LM.DS",NA,"","Wuleswali","District","",""
206,1,"AFG","Afghanistan",20,"Laghman",206,"Mihtarlam","AF.LM.MI",NA,"","Wuleswali","District","",""
207,1,"AFG","Afghanistan",20,"Laghman",207,"Qarghayi","AF.LM.QA",NA,"","Wuleswali","District","",""
208,1,"AFG","Afghanistan",21,"Logar",208,"Baraki Barak","AF.LW.BB",NA,"","Wuleswali","District","",""
209,1,"AFG","Afghanistan",21,"Logar",209,"Charkh","AF.LW.CH",NA,"","Wuleswali","District","",""
210,1,"AFG","Afghanistan",21,"Logar",210,"Khushi","AF.LW.KH",NA,"","Wuleswali","District","",""
211,1,"AFG","Afghanistan",21,"Logar",211,"Muhammad Agha","AF.LW.MA",NA,"","Wuleswali","District","",""
212,1,"AFG","Afghanistan",21,"Logar",212,"Puli Alam","AF.LW.PA",NA,"","Wuleswali","District","",""
213,1,"AFG","Afghanistan",22,"Nangarhar",213,"Achin","AF.NG.AC",NA,"","Wuleswali","District","",""
214,1,"AFG","Afghanistan",22,"Nangarhar",214,"Bati Kot","AF.NG.BK",NA,"","Wuleswali","District","",""
215,1,"AFG","Afghanistan",22,"Nangarhar",215,"Chaparhar","AF.NG.CH",NA,"","Wuleswali","District","",""
216,1,"AFG","Afghanistan",22,"Nangarhar",216,"Dara-I-Nur","AF.KO.DN",NA,"","Wuleswali","District","",""
217,1,"AFG","Afghanistan",22,"Nangarhar",217,"Dih Bala","AF.NG.DL",NA,"","Wuleswali","District","",""
218,1,"AFG","Afghanistan",22,"Nangarhar",218,"Dur Baba","AF.NG.DB",NA,"","Wuleswali","District","",""
219,1,"AFG","Afghanistan",22,"Nangarhar",219,"Goshta","AF.NG.GO",NA,"","Wuleswali","District","",""
220,1,"AFG","Afghanistan",22,"Nangarhar",220,"Hisarak","AF.NG.HI",NA,"","Wuleswali","District","",""
221,1,"AFG","Afghanistan",22,"Nangarhar",221,"Jalal abad","AF.NG.JA",NA,"","Wuleswali","District","",""
222,1,"AFG","Afghanistan",22,"Nangarhar",222,"Kama","AF.NG.KA",NA,"","Wuleswali","District","",""
223,1,"AFG","Afghanistan",22,"Nangarhar",223,"Khogyani","AF.NG.KH",NA,"","Wuleswali","District","",""
224,1,"AFG","Afghanistan",22,"Nangarhar",224,"Kuz Kunar","AF.KO.KZ",NA,"","Wuleswali","District","",""
225,1,"AFG","Afghanistan",22,"Nangarhar",225,"Lal Pur","AF.NG.LP",NA,"","Wuleswali","District","",""
226,1,"AFG","Afghanistan",22,"Nangarhar",226,"Muhmand Dara","AF.NG.MD",NA,"","Wuleswali","District","",""
227,1,"AFG","Afghanistan",22,"Nangarhar",227,"Nazyan","AF.NG.NA",NA,"","Wuleswali","District","",""
228,1,"AFG","Afghanistan",22,"Nangarhar",228,"Pachir Wa Agam","AF.NG.PA",NA,"","Wuleswali","District","",""
229,1,"AFG","Afghanistan",22,"Nangarhar",229,"Rodat","AF.NG.RO",NA,"","Wuleswali","District","",""
230,1,"AFG","Afghanistan",22,"Nangarhar",230,"Sherzad","AF.NG.SZ",NA,"","Wuleswali","District","",""
231,1,"AFG","Afghanistan",22,"Nangarhar",231,"Shinwar","AF.NG.SW",NA,"","Wuleswali","District","",""
232,1,"AFG","Afghanistan",22,"Nangarhar",232,"Surkh Rod","AF.NG.SR",NA,"","Wuleswali","District","",""
233,1,"AFG","Afghanistan",23,"Nimroz",233,"Chakhansur","AF.NM.CH",NA,"","Wuleswali","District","",""
234,1,"AFG","Afghanistan",23,"Nimroz",234,"Char Burjak","AF.NM.CB",NA,"","Wuleswali","District","","Chahar Burja"
235,1,"AFG","Afghanistan",23,"Nimroz",235,"Kang","AF.NM.KA",NA,"","Wuleswali","District","",""
236,1,"AFG","Afghanistan",23,"Nimroz",236,"Khash Rod","AF.NM.KR",NA,"","Wuleswali","District","",""
237,1,"AFG","Afghanistan",23,"Nimroz",237,"Zaranj","AF.NM.ZA",NA,"","Wuleswali","District","",""
238,1,"AFG","Afghanistan",24,"Nuristan",238,"Bargi Matal","AF.KO.BM",NA,"","Wuleswali","District","",""
239,1,"AFG","Afghanistan",24,"Nuristan",239,"Kamdesh","AF.KO.KA",NA,"","Wuleswali","District","",""
240,1,"AFG","Afghanistan",24,"Nuristan",240,"Mandol","AF.LM.MA",NA,"","Wuleswali","District","",""
241,1,"AFG","Afghanistan",24,"Nuristan",241,"Nuristan","AF.LM.NU",NA,"","Wuleswali","District","",""
242,1,"AFG","Afghanistan",24,"Nuristan",242,"Wama","AF.KO.WM",NA,"","Wuleswali","District","",""
243,1,"AFG","Afghanistan",24,"Nuristan",243,"Waygal","AF.KO.WG",NA,"","Wuleswali","District","",""
244,1,"AFG","Afghanistan",25,"Paktika",244,"Burmul","AF.PK.BU",NA,"","Wuleswali","District","","Barmal"
245,1,"AFG","Afghanistan",25,"Paktika",245,"Dila","AF.PK.DI",NA,"","Wuleswali","District","",""
246,1,"AFG","Afghanistan",25,"Paktika",246,"Gayan","AF.PK.GA",NA,"","Wuleswali","District","",""
247,1,"AFG","Afghanistan",25,"Paktika",247,"Gomal","AF.PK.GO",NA,"","Wuleswali","District","",""
248,1,"AFG","Afghanistan",25,"Paktika",248,"Mata Khan","AF.PK.MK",NA,"","Wuleswali","District","",""
249,1,"AFG","Afghanistan",25,"Paktika",249,"Nika","AF.PK.NI",NA,"","Wuleswali","District","",""
250,1,"AFG","Afghanistan",25,"Paktika",250,"Omna","AF.PK.OM",NA,"","Wuleswali","District","",""
251,1,"AFG","Afghanistan",25,"Paktika",251,"Sar Hawza","AF.PK.SH",NA,"","Wuleswali","District","",""
252,1,"AFG","Afghanistan",25,"Paktika",252,"Sarobi","AF.PA.SR",NA,"","Wuleswali","District","",""
253,1,"AFG","Afghanistan",25,"Paktika",253,"Sharan","AF.PK.SN",NA,"","Wuleswali","District","",""
254,1,"AFG","Afghanistan",25,"Paktika",254,"Urgun","AF.PK.UR",NA,"","Wuleswali","District","",""
255,1,"AFG","Afghanistan",25,"Paktika",255,"Wazakhwa","AF.PK.WA",NA,"","Wuleswali","District","",""
256,1,"AFG","Afghanistan",25,"Paktika",256,"Wolmamay","AF.PK.WO",NA,"","Wuleswali","District","","Wor Mamay"
257,1,"AFG","Afghanistan",25,"Paktika",257,"Zarghun Shahr","",NA,"","Wuleswali","District","",""
258,1,"AFG","Afghanistan",25,"Paktika",258,"Ziluk","AF.PK.ZI",NA,"","Wuleswali","District","","Ziruk"
259,1,"AFG","Afghanistan",26,"Paktya",259,"Azro","AF.LW.AZ",NA,"","Wuleswali","District","","Azra"
260,1,"AFG","Afghanistan",26,"Paktya",260,"Chamkani","AF.PA.CH",NA,"","Wuleswali","District","",""
261,1,"AFG","Afghanistan",26,"Paktya",261,"Dand Wa Patan","AF.PA.DP",NA,"","Wuleswali","District","",""
262,1,"AFG","Afghanistan",26,"Paktya",262,"Gardez","AF.PA.GA",NA,"","Wuleswali","District","",""
263,1,"AFG","Afghanistan",26,"Paktya",263,"Jadran","AF.PA.JD",NA,"","Wuleswali","District","",""
264,1,"AFG","Afghanistan",26,"Paktya",264,"Jaji","AF.PA.JJ",NA,"","Wuleswali","District","",""
265,1,"AFG","Afghanistan",26,"Paktya",265,"Jani Khel","AF.PA.JK",NA,"","Wuleswali","District","",""
266,1,"AFG","Afghanistan",26,"Paktya",266,"Lija Mangal","AF.PA.LM",NA,"","Wuleswali","District","",""
267,1,"AFG","Afghanistan",26,"Paktya",267,"Sayid Karam","AF.PA.SK",NA,"","Wuleswali","District","",""
268,1,"AFG","Afghanistan",26,"Paktya",268,"Shamul","AF.PA.SM",NA,"","Wuleswali","District","","Shamal"
269,1,"AFG","Afghanistan",26,"Paktya",269,"Shwak","AF.PA.SW",NA,"","Wuleswali","District","",""
270,1,"AFG","Afghanistan",26,"Paktya",270,"Zurmat","AF.PA.ZU",NA,"","Wuleswali","District","",""
271,1,"AFG","Afghanistan",27,"Panjshir",271,"Hisa-I-Awali Panjsher","",NA,"","Wuleswali","District","",""
272,1,"AFG","Afghanistan",27,"Panjshir",272,"Hisa-I-Duwum Panjsher","",NA,"","Wuleswali","District","",""
273,1,"AFG","Afghanistan",27,"Panjshir",273,"Panjsher","AF.KP.PA",NA,"","Wuleswali","District","",""
274,1,"AFG","Afghanistan",28,"Parwan",274,"Bagram","AF.PV.BA",NA,"","Wuleswali","District","",""
275,1,"AFG","Afghanistan",28,"Parwan",275,"Chaharikar","AF.PV.CH",NA,"","Wuleswali","District","",""
276,1,"AFG","Afghanistan",28,"Parwan",276,"Ghorband","AF.PV.GH",NA,"","Wuleswali","District","",""
277,1,"AFG","Afghanistan",28,"Parwan",277,"Jabalussaraj","AF.PV.JA",NA,"","Wuleswali","District","",""
278,1,"AFG","Afghanistan",28,"Parwan",278,"Kohi Safi","AF.PV.KS",NA,"","Wuleswali","District","",""
279,1,"AFG","Afghanistan",28,"Parwan",279,"Salang","AF.PV.SL",NA,"","Wuleswali","District","",""
280,1,"AFG","Afghanistan",28,"Parwan",280,"Shekh Ali","AF.PV.SA",NA,"","Wuleswali","District","",""
281,1,"AFG","Afghanistan",28,"Parwan",281,"Shinwari","AF.PV.SH",NA,"","Wuleswali","District","",""
282,1,"AFG","Afghanistan",28,"Parwan",282,"Surkhi Parsa","AF.PV.SP",NA,"","Wuleswali","District","",""
283,1,"AFG","Afghanistan",29,"Samangan",283,"Aybak","AF.SM.AY",NA,"","Wuleswali","District","",""
284,1,"AFG","Afghanistan",29,"Samangan",284,"Dara-i-Suf","AF.SM.DS",NA,"","Wuleswali","District","",""
285,1,"AFG","Afghanistan",29,"Samangan",285,"Hazrati Sultan","AF.SM.HS",NA,"","Wuleswali","District","",""
286,1,"AFG","Afghanistan",29,"Samangan",286,"Khuram Wa Sarbagh","AF.SM.KS",NA,"","Wuleswali","District","",""
287,1,"AFG","Afghanistan",29,"Samangan",287,"Royi Du Ab","AF.SM.RA",NA,"","Wuleswali","District","","Ruyi Du Ab"
288,1,"AFG","Afghanistan",30,"Sari Pul",288,"Balkhab","AF.JW.BA",NA,"","Wuleswali","District","",""
289,1,"AFG","Afghanistan",30,"Sari Pul",289,"Kohistanat","AF.JW.KO",NA,"","Wuleswali","District","",""
290,1,"AFG","Afghanistan",30,"Sari Pul",290,"Sangcharak","AF.JW.SC",NA,"","Wuleswali","District","",""
291,1,"AFG","Afghanistan",30,"Sari Pul",291,"Sar-i-Pul City","AF.SP.SP",NA,"","Wuleswali","District","","Sari Pul"
292,1,"AFG","Afghanistan",30,"Sari Pul",292,"Sayyad","",NA,"","Wuleswali","District","",""
293,1,"AFG","Afghanistan",30,"Sari Pul",293,"Sozma Qala","AF.SP.SQ",NA,"","Wuleswali","District","",""
294,1,"AFG","Afghanistan",31,"Takhar",294,"Bangi","AF.TK.BA",NA,"","Wuleswali","District","",""
295,1,"AFG","Afghanistan",31,"Takhar",295,"Chah Ab","AF.TK.CA",NA,"","Wuleswali","District","",""
296,1,"AFG","Afghanistan",31,"Takhar",296,"Chal","AF.TK.CL",NA,"","Wuleswali","District","",""
297,1,"AFG","Afghanistan",31,"Takhar",297,"Darqad","AF.TK.DA",NA,"","Wuleswali","District","",""
298,1,"AFG","Afghanistan",31,"Takhar",298,"Farkhar","AF.TK.FA",NA,"","Wuleswali","District","",""
299,1,"AFG","Afghanistan",31,"Takhar",299,"Ishkamish","AF.TK.IS",NA,"","Wuleswali","District","",""
300,1,"AFG","Afghanistan",31,"Takhar",300,"Kalafgan","AF.TK.KA",NA,"","Wuleswali","District","",""
301,1,"AFG","Afghanistan",31,"Takhar",301,"Khwaja Ghar","AF.TK.KG",NA,"","Wuleswali","District","",""
302,1,"AFG","Afghanistan",31,"Takhar",302,"Rustaq","AF.TK.RU",NA,"","Wuleswali","District","",""
303,1,"AFG","Afghanistan",31,"Takhar",303,"Taluqan","AF.TK.TA",NA,"","Wuleswali","District","",""
304,1,"AFG","Afghanistan",31,"Takhar",304,"Warsaj","AF.TK.WA",NA,"","Wuleswali","District","",""
305,1,"AFG","Afghanistan",31,"Takhar",305,"Yangi Qala","AF.TK.YQ",NA,"","Wuleswali","District","",""
306,1,"AFG","Afghanistan",32,"Uruzgan",306,"Chora","AF.OZ.CH",NA,"","Wuleswali","District","",""
307,1,"AFG","Afghanistan",32,"Uruzgan",307,"Dihrawud","AF.OZ.DI",NA,"","Wuleswali","District","",""
308,1,"AFG","Afghanistan",32,"Uruzgan",308,"Khas Uruzgan","AF.OZ.KU",NA,"","Wuleswali","District","",""
309,1,"AFG","Afghanistan",32,"Uruzgan",309,"Nesh","AF.KD.NE",NA,"","Wuleswali","District","",""
310,1,"AFG","Afghanistan",32,"Uruzgan",310,"Shahidi Hasas","AF.OZ.SH",NA,"","Wuleswali","District","","Shahidi Hassas"
311,1,"AFG","Afghanistan",32,"Uruzgan",311,"Tirin Kot","AF.OZ.TK",NA,"","Wuleswali","District","",""
312,1,"AFG","Afghanistan",33,"Wardak",312,"Chak","AF.VR.CH",NA,"","Wuleswali","District","",""
313,1,"AFG","Afghanistan",33,"Wardak",313,"Daymirdad","AF.VR.DA",NA,"","Wuleswali","District","",""
314,1,"AFG","Afghanistan",33,"Wardak",314,"Hisa-i-Awali Bihsud","AF.VR.HB",NA,"","Wuleswali","District","",""
315,1,"AFG","Afghanistan",33,"Wardak",315,"Jalrez","AF.VR.JL",NA,"","Wuleswali","District","",""
316,1,"AFG","Afghanistan",33,"Wardak",316,"Markazi Bihsud","AF.VR.MB",NA,"","Wuleswali","District","",""
317,1,"AFG","Afghanistan",33,"Wardak",317,"Maydan Shahr","AF.VR.MS",NA,"","Wuleswali","District","",""
318,1,"AFG","Afghanistan",33,"Wardak",318,"Nirkh","AF.VR.NI",NA,"","Wuleswali","District","",""
319,1,"AFG","Afghanistan",33,"Wardak",319,"Sayid Abad","AF.VR.SA",NA,"","Wuleswali","District","","Saydabad"
320,1,"AFG","Afghanistan",34,"Zabul",320,"Arghandab","AF.KD.AD",NA,"","Wuleswali","District","",""
321,1,"AFG","Afghanistan",34,"Zabul",321,"Atghar","AF.ZB.AT",NA,"","Wuleswali","District","",""
322,1,"AFG","Afghanistan",34,"Zabul",322,"Daychopan","AF.ZB.DA",NA,"","Wuleswali","District","",""
323,1,"AFG","Afghanistan",34,"Zabul",323,"Mizan","AF.ZB.MI",NA,"","Wuleswali","District","",""
324,1,"AFG","Afghanistan",34,"Zabul",324,"Qalat","AF.ZB.QA",NA,"","Wuleswali","District","",""
325,1,"AFG","Afghanistan",34,"Zabul",325,"Shahjoy","AF.ZB.SJ",NA,"","Wuleswali","District","",""
326,1,"AFG","Afghanistan",34,"Zabul",326,"Shamul zayi","AF.ZB.SZ",NA,"","Wuleswali","District","",""
327,1,"AFG","Afghanistan",34,"Zabul",327,"Shinkay","AF.ZB.SK",NA,"","Wuleswali","District","",""
328,1,"AFG","Afghanistan",34,"Zabul",328,"Tarnak Wa Jaldak","AF.ZB.TJ",NA,"","Wuleswali","District","",""
